Df,SumOfSqs,R2,F,Pr(>F)
3,1891247198.5667043,0.23737550445665034,0.9337839494161274,0.5157994842005158
9,6076075305.479138,0.7626244955433498,NA,NA
12,7967322504.045842,1,NA,NA
