site,sample_size,mean_temp,sd_temp,max_temp,min_temp
CCC,1872,29.458076655982907,1.0911174746319854,31.8587,26.1651
Nursery,1873,29.501164975974373,0.9280387485527752,31.472,26.879
