Max,Min,Seasonal,Daily,30.5°C,DHW
31.8173,20.197675,11.619625,0.6893395190023752,50,5.97737633928572
31.472,21.569,9.903000000000002,0.7140522388059702,41,3.6226666666666647
