site,season,sample_size,mean_daily_variability,sd_variability,range
CCC,Dry,46,0.9461652173913045,0.447231678075688,1.8068999999999988
CCC,Wet,136,0.7475154411764706,0.26945131708403747,1.3938999999999986
Nursery,Dry,46,0.6701521739130438,0.3719776556844538,1.5869999999999997
Nursery,Wet,136,0.8015514705882358,0.32394011380370086,1.6089999999999982
